{
    "Root Mean Squared Error": 0.7394804538838093,
    "Mean Absolute Error": 0.5727703073739112,
    "R2 Score": 0.23234907068924981
}